Date de l'opération;Libellé;Détail de l'écriture;Montant;Devise;evenement
22/09/2026;CARTE X2162 21/09 ;CARTE X2162 21/09 CARREFOUR MARKET 110626503181382IOPD;-10.75;EUR;
22/09/2026;CARTE X2162 21/09 ;CARTE X2162 21/09 L'ETOILE DE TURLY 110626500321388IOPD;-25.1;EUR;
21/09/2026;CARTE X2162 RETRAI;CARTE X2162 RETRAIT DAB 18/09 16H25 RETRAIT DAB 18-09-14505-0007704000 510626402365530IOPD;-80;EUR;
21/09/2026;CARTE X2162 20/09 ;CARTE X2162 20/09 CARREFOUR MARKET 110626404481585IOPD;-35.06;EUR;
21/09/2026;CARTE X2162 18/09 ;CARTE X2162 18/09 SAS BOUCHERIE PETIT 110626200141924IOPD;-36.92;EUR;
21/09/2026;CARTE X2162 18/09 ;CARTE X2162 18/09 CARREFOUR MAG SC 110626200064611IOPD;-10.85;EUR;
21/09/2026;CARTE X2162 18/09 ;CARTE X2162 18/09 AUCHAN SUPERMARC 101626144017080IOPD;-9.12;EUR;
21/09/2026;CARTE X2162 18/09 ;CARTE X2162 18/09 PATISSERIEBEKKOUCHE 110626200607472IOPD;-3.75;EUR;
18/09/2026;CARTE X2162 17/09 ;CARTE X2162 17/09 L'ETOILE DE TURLY 110626100302433IOPD;-25.6;EUR;
17/09/2026;VIR INST RE 676095;VIR INST RE 676095433781 DE: ALEXANDRE BOU DATE: 17/09/2026 17:48 MOTIF: Virement depuis BoursoBank;50;EUR;
17/09/2026;CARTE X2162 16/09 ;CARTE X2162 16/09 NETTO 110626001859326IOPD;-10.68;EUR;
17/09/2026;COTISATION JAZZ;COTISATION JAZZ;-8.55;EUR;
16/09/2026;CARTE X2162 15/09 ;CARTE X2162 15/09 NETTO 110625901764476IOPD;-15.68;EUR;
15/09/2026;CARTE X2162 14/09 ;CARTE X2162 14/09 AUCHAN BOURGES 110625802873379IOPD;-25.09;EUR;
15/09/2026;CARTE X2162 14/09 ;CARTE X2162 14/09 L'ETOILE DE TURLY 110625800251772IOPD;-23.6;EUR;
15/09/2026;CARTE X2162 14/09 ;CARTE X2162 14/09 AUCHAN SUPERMARC 101625733892040IOPD;-6.67;EUR;
14/09/2026;CARTE X2162 12/09 ;CARTE X2162 12/09 VAL PRESSE 110625700026548IOPD;-19.3;EUR;
14/09/2026;CARTE X2162 12/09 ;CARTE X2162 12/09 SAS BOUCHERIE PETIT 110625700613859IOPD;-12.5;EUR;
14/09/2026;CARTE X2162 12/09 ;CARTE X2162 12/09 BOURSORAMA COMMERCE ELECTRONIQUE 101625553990530IOPD;-300;EUR;
14/09/2026;CARTE X2162 11/09 ;CARTE X2162 11/09 NETTO 110625500942809IOPD;-46.52;EUR;
14/09/2026;CARTE X2162 11/09 ;CARTE X2162 11/09 L'ETOILE DE TURLY 110625500374702IOPD;-27.1;EUR;
14/09/2026;CARTE X2162 12/09 ;CARTE X2162 12/09 AUCHAN SUPERMARC 101625548788740IOPD;-23.65;EUR;
11/09/2026;CARTE X2162 10/09 ;CARTE X2162 10/09 AUCHAN SUPERMARC 101625342478290IOPD;-13.4;EUR;
10/09/2026;CARTE X2162 09/09 ;CARTE X2162 09/09 LE TRICARNOT 110625300426608IOPD;-23.6;EUR;
10/09/2026;CARTE X2162 09/09 ;CARTE X2162 09/09 CARREFOUR MARKET 110625301551836IOPD;-16.33;EUR;
08/09/2026;CARTE X2162 07/09 ;CARTE X2162 07/09 BUT BOURGES 110625102404483IOPD;-109.98;EUR;
08/09/2026;CARTE X2162 07/09 ;CARTE X2162 07/09 CARREFOURMARKET 110625102421544IOPD;-38.63;EUR;
08/09/2026;CARTE X2162 07/09 ;CARTE X2162 07/09 VAL PRESSE 110625101845591IOPD;-17.3;EUR;
08/09/2026;CARTE X2162 07/09 ;CARTE X2162 07/09 NETTO 110625101778454IOPD;-10.28;EUR;
07/09/2026;PRELEVEMENT EUROPE;PRELEVEMENT EUROPEEN 6603542648 DE: ORPI-NEVERS-SARL IMMOBILIER DU REMP ART ID: FR20ZZZ604057;-406.66;EUR;
07/09/2026;PRELEVEMENT EUROPE;PRELEVEMENT EUROPEEN 6603542639 DE: MACIF Centre Production-MACIF ID: FR66ZZZ110663 MOTIF: -PRELEV 1207092026  01184763302;-77.8;EUR;
07/09/2026;PRELEVEMENT EUROPE;PRELEVEMENT EUROPEEN 6603542657 DE: HARMONIE MUTUELLE ID: FR50ZZZ609143 MOTIF: 20260905HARMONIE MUTUE299816282;-47.94;EUR;
07/09/2026;CARTE X2162 06/09 ;CARTE X2162 06/09 COFIROUTE, 2 paiements d 110625008041013IOPD;-23.1;EUR;
07/09/2026;CARTE X2162 06/09 ;CARTE X2162 06/09 COFIROUTE BOURGES 110625008037713IOPD;-16.7;EUR;
07/09/2026;CARTE X2162 RETRAI;CARTE X2162 RETRAIT DAB 05/09 10H52 TREGUNC SAS 00656581 510625001007963IOPD;-100;EUR;
07/09/2026;CARTE X2162 05/09 ;CARTE X2162 05/09 BRITT 110625005136786IOPD;-42;EUR;
07/09/2026;CARTE X2162 06/09 ;CARTE X2162 06/09 RELAIS DE ROMORANTI 110625001165700IOPD;-30.09;EUR;
07/09/2026;CARTE X2162 05/09 ;CARTE X2162 05/09 LE NARVAL 110625000579044IOPD;-27.2;EUR;
07/09/2026;CARTE X2162 05/09 ;CARTE X2162 05/09 BOULANGERIE HERLEDA 110625000549214IOPD;-12.08;EUR;
07/09/2026;CARTE X2162 03/09 ;CARTE X2162 03/09 INTERMARCHE 110624800816539IOPD;-59.74;EUR;
07/09/2026;CARTE X2162 03/09 ;CARTE X2162 03/09 AMAZON PAYMENTS COMMERCE ELECTRONIQUE 110624800538063IOPD;-56.29;EUR;
04/09/2026;PRELEVEMENT EUROPE;PRELEVEMENT EUROPEEN 6507805464 DE: Agence FNAIM ID: FR35ZZZ418323 MOTIF: LOYER;-1024.99;EUR;LOYER
07/09/2026;PRELEVEMENT EUROPE;PRELEVEMENT EUROPEEN 6507805464 DE: CETELEM ID: FR35ZZZ418323 MOTIF: ;-100;EUR;CREDIT CONSO
07/09/2026;PRELEVEMENT EUROPE;PRELEVEMENT EUROPEEN 6507805464 DE: SOFINCO ID: FR35ZZZ418323 MOTIF: ;-200;EUR;CREDIT CONSO
04/09/2026;VIR RECU    659392;VIR RECU    6593929318S DE: CAF DU CHER MOTIF: 1160346RBOU         082026ME REF: 10939460V16;56.88;EUR;
02/09/2026;CARTE X2162 01/09 ;CARTE X2162 01/09 BRITT 110624503850329IOPD;-21;EUR;
02/09/2026;CARTE X2162 31/08 ;CARTE X2162 31/08 INTERMARCHE 110624502455978IOPD;-33.79;EUR;
01/09/2026;CARTE X2162 31/08 ;CARTE X2162 31/08 LE NARVAL 110624400267057IOPD;-24.5;EUR;
31/08/2026;CARTE X2162 29/08 ;CARTE X2162 29/08 ADMALO 110624306516179IOPD;-79.1;EUR;
31/08/2026;CARTE X2162 28/08 ;CARTE X2162 28/08 BRITT 110624302971779IOPD;-21;EUR;
31/08/2026;CARTE X2162 28/08 ;CARTE X2162 28/08 LE NARVAL 110624100308766IOPD;-27.2;EUR;
28/08/2026;CARTE X2162 27/08 ;CARTE X2162 27/08 LECLERC 110624002834682IOPD;-30.5;EUR;
27/08/2026;CARTE X2162 26/08 ;CARTE X2162 26/08 FNAC 110623902444111IOPD;-179.95;EUR;
27/08/2026;CARTE X2162 26/08 ;CARTE X2162 26/08 DECATHLON 0338 101623926630380IOPD;-72.97;EUR;
27/08/2026;VIR RECU    579151;VIR RECU    5791513268S DE: SGC BOURGES DE: BOURGES - BP MOTIF: PAYE DU MOIS 08/26 BOURGES - BPHEL0;1840.78;EUR;
26/08/2026;CARTE X2162 25/08 ;CARTE X2162 25/08 LECLERC DAC VL 110623802575211IOPD;-87.91;EUR;
26/08/2026;CARTE X2162 25/08 ;CARTE X2162 25/08 LECLERC 110623802575210IOPD;-48.89;EUR;
26/08/2026;CARTE X2162 25/08 ;CARTE X2162 25/08 LE NARVAL 110623800333081IOPD;-27.2;EUR;
26/08/2026;CARTE X2162 24/08 ;CARTE X2162 24/08 INTERMARCHE 110623801573775IOPD;-11.97;EUR;
25/08/2026;PRELEVEMENT EUROPE;PRELEVEMENT EUROPEEN 5500404564 DE: ENGIE ID: FR03SYM002381 MOTIF: Mandat ++S007147042;-104.19;EUR;
25/08/2026;CARTE X2162 24/08 ;CARTE X2162 24/08 COFIROUTE, 2 paiements d 110623703102372IOPD;-21.9;EUR;
25/08/2026;CARTE X2162 24/08 ;CARTE X2162 24/08 ASF CORZE 110623703096882IOPD;-12.7;EUR;
24/08/2026;CARTE X2162 23/08 ;CARTE X2162 23/08 AUCHAN BOURGES 110623603784303IOPD;-91.45;EUR;
24/08/2026;CARTE X2162 23/08 ;CARTE X2162 23/08 VAL PRESSE 110623604295541IOPD;-21.3;EUR;
24/08/2026;CARTE X2162 23/08 ;CARTE X2162 23/08 AUCHAN SUPERMARC 101623539805300IOPD;-32.14;EUR;
24/08/2026;CARTE X2162 21/08 ;CARTE X2162 21/08 AUCHAN SUPERMARC 101623341221570IOPD;-24.42;EUR;
24/08/2026;CARTE X2162 21/08 ;CARTE X2162 21/08 VAL PRESSE 110623400898581IOPD;-17.7;EUR;
21/08/2026;CARTE X2162 20/08 ;CARTE X2162 20/08 CARREFOUR MARKET 110623301162797IOPD;-23.16;EUR;
20/08/2026;CARTE X2162 19/08 ;CARTE X2162 19/08 VAL PRESSE 110623201864333IOPD;-21.3;EUR;
20/08/2026;CARTE X2162 19/08 ;CARTE X2162 19/08 AUCHAN SUPERMARC 101623141434380IOPD;-12.98;EUR;
19/08/2026;CARTE X2162 18/08 ;CARTE X2162 18/08 L'ETOILE DE TURLY 110623100321959IOPD;-27.1;EUR;
19/08/2026;CARTE X2162 18/08 ;CARTE X2162 18/08 CARREFOUR MARKET 110623101832386IOPD;-23.42;EUR;
18/08/2026;CARTE X2162 17/08 ;CARTE X2162 17/08 DELICES BONBONNIERE 110623000408521IOPD;-1.3;EUR;
18/08/2026;COTISATION JAZZ;COTISATION JAZZ;-8.55;EUR;
18/08/2026;CARTE X2162 17/08 ;CARTE X2162 17/08 AUCHAN SUPERMARC 101622934413030IOPD;-22;EUR;
17/08/2026;CARTE X2162 16/08 ;CARTE X2162 16/08 VAL PRESSE 110622909107845IOPD;-17.7;EUR;
17/08/2026;CARTE X2162 14/08 ;CARTE X2162 14/08 VAL PRESSE 110622908514837IOPD;-17.7;EUR;
17/08/2026;CARTE X2162 14/08 ;CARTE X2162 14/08 PATAPAIN 644 SC 110622908516042IOPD;-1.1;EUR;
17/08/2026;CARTE X2162 15/08 ;CARTE X2162 15/08 AUCHAN SUPERMARC 101622743188430IOPD;-25.16;EUR;
17/08/2026;CARTE X2162 14/08 ;CARTE X2162 14/08 AUCHAN SUPERMARC 101622642115110IOPD;-15.17;EUR;
14/08/2026;CARTE X2162 13/08 ;CARTE X2162 13/08 VAL PRESSE 110622601502767IOPD;-21.3;EUR;
14/08/2026;CARTE X2162 13/08 ;CARTE X2162 13/08 AUCHAN SUPERMARC 101622540343190IOPD;-19.04;EUR;
13/08/2026;CARTE X2162 12/08 ;CARTE X2162 12/08 LIDL 3636 101622448859260IOPD;-11.47;EUR;
12/08/2026;CARTE X2162 11/08 ;CARTE X2162 11/08 VAL PRESSE 110622402176469IOPD;-19.3;EUR;
12/08/2026;CARTE X2162 11/08 ;CARTE X2162 11/08 AUCHAN SUPERMARC 101622341152730IOPD;-10.79;EUR;
11/08/2026;CARTE X2162 10/08 ;CARTE X2162 10/08 AUCHAN BOURGES 110622302765948IOPD;-39.58;EUR;
11/08/2026;CARTE X2162 10/08 ;CARTE X2162 10/08 L'ETOILE DE TURLY 110622300350639IOPD;-27.1;EUR;
11/08/2026;CARTE X2162 10/08 ;CARTE X2162 10/08 DELICES BONBONNIERE 110622300350371IOPD;-1.1;EUR;
11/08/2026;CARTE X2162 10/08 ;CARTE X2162 10/08 AUCHAN SUPERMARC 101622234900260IOPD;-13.11;EUR;
10/08/2026;CARTE X2162 08/08 ;CARTE X2162 08/08 SAS BOUCHERIE PETIT 110622200792126IOPD;-54.72;EUR;
10/08/2026;CARTE X2162 07/08 ;CARTE X2162 07/08 TABAC AEROPORT 110622201409744IOPD;-23.6;EUR;
10/08/2026;CARTE X2162 07/08 ;CARTE X2162 07/08 CARREFOUR MARKET 110622001283473IOPD;-4.69;EUR;
07/08/2026;PRELEVEMENT EUROPE;PRELEVEMENT EUROPEEN 3701019444 DE: ADLPARTNER-ADL PARTNER ID: FR46ZZZ412693 MOTIF: SERVICE MAGAZINES;-4.9;EUR;
07/08/2026;CARTE X2162 06/08 ;CARTE X2162 06/08 VAL PRESSE 110621902269395IOPD;-17.7;EUR;
06/08/2026;CARTE X2162 05/08 ;CARTE X2162 05/08 AUCHAN SUPERMARC 101621743661430IOPD;-13.33;EUR;
05/08/2026;PRELEVEMENT EUROPE;PRELEVEMENT EUROPEEN 3511088515 DE: ORPI-NEVERS-SARL IMMOBILIER DU REMP ART ID: FR20ZZZ604057;-406.66;EUR;
05/08/2026;PRELEVEMENT EUROPE;PRELEVEMENT EUROPEEN 3511088497 DE: MACIF Centre Production-MACIF ID: FR66ZZZ110663 MOTIF: -PRELEV 1205082026  01184763302;-77.8;EUR;
05/08/2026;PRELEVEMENT EUROPE;PRELEVEMENT EUROPEEN 3526862646 DE: HARMONIE MUTUELLE ID: FR50ZZZ609143 MOTIF: 20260805HARMONIE MUTUE298235768;-47.94;EUR;
05/08/2026;PRELEVEMENT EUROPE;PRELEVEMENT EUROPEEN 3511088506 DE: BOUYGUES TELECOM ID: FR35ZZZ418323 MOTIF: 07xxxxx197;-24.99;EUR;
05/08/2026;CARTE X2162 04/08 ;CARTE X2162 04/08 VAL PRESSE 110621701980669IOPD;-17.7;EUR;
05/08/2026;CARTE X2162 04/08 ;CARTE X2162 04/08 AUCHAN SUPERMARC 101621640976960IOPD;-4.38;EUR;
05/08/2026;VIR RECU    359534;VIR RECU    3595349327S DE: CAF DU CHER MOTIF: 1160346RBOU         072026ME REF: 10831980V16;56.88;EUR;
04/08/2026;PRELEVEMENT EUROPE;PRELEVEMENT EUROPEEN 6507805464 DE: Agence FNAIM ID: FR35ZZZ418323 MOTIF: LOYER 0;-1024.99;EUR;LOYER
04/08/2026;PRELEVEMENT EUROPE;PRELEVEMENT EUROPEEN 6507805464 DE: CETELEM ID: FR35ZZZ418323 MOTIF: ;-100;EUR;CREDIT CONSO
07/08/2026;PRELEVEMENT EUROPE;PRELEVEMENT EUROPEEN 6507805464 DE: SOFINCO ID: FR35ZZZ418323 MOTIF: ;-200;EUR;CREDIT CONSO
04/08/2026;CARTE X2162 03/08 ;CARTE X2162 03/08 AUCHAN SUPERMARC 101621534090870IOPD;-13.33;EUR;
03/08/2026;CARTE X2162 01/08 ;CARTE X2162 01/08 VAL PRESSE 110621500811308IOPD;-17.7;EUR;
03/08/2026;CARTE X2162 01/08 ;CARTE X2162 01/08 AUCHAN SUPERMARC 101621347284180IOPD;-28.86;EUR;
03/08/2026;CARTE X2162 31/07 ;CARTE X2162 31/07 AUCHAN SUPERMARC 101621244184530IOPD;-22.2;EUR;
03/08/2026;CARTE X2162 31/07 ;CARTE X2162 31/07 VAL PRESSE 110621301272837IOPD;-19.3;EUR;
31/07/2026;CARTE X2162 30/07 ;CARTE X2162 30/07 CARREFOUR MARKET 110621201877026IOPD;-24.49;EUR;
30/07/2026;CARTE X2162 29/07 ;CARTE X2162 29/07 VAL PRESSE 110621101947191IOPD;-17.3;EUR;
29/07/2026;CARTE X2162 28/07 ;CARTE X2162 28/07 VAL PRESSE 110621001668144IOPD;-19.7;EUR;
29/07/2026;VIR RECU    289111;VIR RECU    2891110104S DE: SGC BOURGES DE: BOURGES - BP MOTIF: PAYE DU MOIS 07/26 BOURGES - BPHEL0;1840.78;EUR;
29/07/2026;CARTE X2162 28/07 ;CARTE X2162 28/07 AUCHAN SUPERMARC 101620939990310IOPD;-33.06;EUR;
28/07/2026;CARTE X2162 26/07 ;CARTE X2162 26/07 AMAZON PAYMENTS COMMERCE ELECTRONIQUE 110620901741125IOPD;-303.15;EUR;
28/07/2026;CARTE X2162 27/07 ;CARTE X2162 27/07 VAL PRESSE 110620901782694IOPD;-19.3;EUR;
28/07/2026;CARTE X2162 27/07 ;CARTE X2162 27/07 LIDL 3636 101620842676220IOPD;-6.35;EUR;
28/07/2026;CARTE X2162 27/07 ;CARTE X2162 27/07 AUCHAN SUPERMARC 101620835054850IOPD;-5.64;EUR;
27/07/2026;CARTE X2162 25/07 ;CARTE X2162 25/07 CARREFOUR MAG SC 110620802094440IOPD;-36.84;EUR;
27/07/2026;CARTE X2162 26/07 ;CARTE X2162 26/07 AUCHAN SUPERMARC 101620813988430IOPD;-21.95;EUR;
27/07/2026;CARTE X2162 25/07 ;CARTE X2162 25/07 VAL PRESSE 110620802274708IOPD;-19.3;EUR;
27/07/2026;CARTE X2162 26/07 ;CARTE X2162 26/07 VAL PRESSE 110620803836102IOPD;-17.7;EUR;
27/07/2026;CARTE X2162 24/07 ;CARTE X2162 24/07 CARREFOUR MARKET 110620602864634IOPD;-38.73;EUR;
24/07/2026;CARTE X2162 23/07 ;CARTE X2162 23/07 L'ETOILE DE TURLY 110620500276301IOPD;-27.1;EUR;
24/07/2026;CARTE X2162 20/07 ;CARTE X2162 20/07 WESTERN GUNS COMMERCE ELECTRONIQUE 101620518497730IOPD;-202.9;EUR;
24/07/2026;CARTE X2162 23/07 ;CARTE X2162 23/07 AUCHAN SUPERMARC 101620442967190IOPD;-29.93;EUR;
23/07/2026;CARTE X2162 22/07 ;CARTE X2162 22/07 CARREFOUR MARKET 110620403294641IOPD;-65.88;EUR;
22/07/2026;CARTE X2162 21/07 ;CARTE X2162 21/07 CARREFOUR MAG SC 110620300058852IOPD;-17.99;EUR;
22/07/2026;CARTE X2162 21/07 ;CARTE X2162 21/07 VAL PRESSE 110620302113971IOPD;-17.7;EUR;
22/07/2026;CARTE X2162 21/07 ;CARTE X2162 21/07 AUCHAN SUPERMARC 101620242339750IOPD;-13.34;EUR;
21/07/2026;CARTE X2162 20/07 ;CARTE X2162 20/07 AUCHAN SUPERMARC 101620134316750IOPD;-27.8;EUR;
21/07/2026;CARTE X2162 20/07 ;CARTE X2162 20/07 VAL PRESSE 110620202266547IOPD;-19.3;EUR;
20/07/2026;CARTE X2162 19/07 ;CARTE X2162 19/07 VAL PRESSE 110620103885311IOPD;-17.7;EUR;
20/07/2026;CARTE X2162 19/07 ;CARTE X2162 19/07 AUCHAN SUPERMARC 101620042664820IOPD;-26.42;EUR;
20/07/2026;CARTE X2162 17/07 ;CARTE X2162 17/07 L'ETOILE DE TURLY 110619900482228IOPD;-23.6;EUR;
20/07/2026;CARTE X2162 18/07 ;CARTE X2162 18/07 LIDL 3114 101619954563870IOPD;-18.08;EUR;
20/07/2026;CARTE X2162 17/07 ;CARTE X2162 17/07 CARREFOUR MARKET 110619901711753IOPD;-16.93;EUR;
17/07/2026;CARTE X2162 16/07 ;CARTE X2162 16/07 MUNICENTRE COMMERCE ELECTRONIQUE 110619801932917IOPD;-474.95;EUR;
17/07/2026;CARTE X2162 16/07 ;CARTE X2162 16/07 CARREFOUR MARKET 110619801949282IOPD;-13.89;EUR;
17/07/2026;COTISATION JAZZ;COTISATION JAZZ;-8.55;EUR;
16/07/2026;CARTE X2162 14/07 ;CARTE X2162 14/07 PETROLEC SUD 230619702960995IOPD;-89.6;EUR;
16/07/2026;CARTE X2162 15/07 ;CARTE X2162 15/07 LIDL 3636 101619723134370IOPD;-27.03;EUR;
16/07/2026;CARTE X2162 15/07 ;CARTE X2162 15/07 L'ETOILE DE TURLY 110619700402902IOPD;-23.1;EUR;
15/07/2026;CARTE X2162 14/07 ;CARTE X2162 14/07 COCCIMARKET 110619602610542IOPD;-12;EUR;
15/07/2026;CARTE X2162 14/07 ;CARTE X2162 14/07 ASF GIGNAC 110619602988717IOPD;-5.8;EUR;
13/07/2026;CARTE X2162 10/07 ;CARTE X2162 10/07 INTERMARCHE 110619409905066IOPD;-19.31;EUR;
13/07/2026;CARTE X2162 12/07 ;CARTE X2162 12/07 VAMIEUX 110619406857586IOPD;-35.24;EUR;
13/07/2026;CARTE X2162 10/07 ;CARTE X2162 10/07 DESTRUELS BOUYGU 110619406882101IOPD;-26.29;EUR;
13/07/2026;CARTE X2162 11/07 ;CARTE X2162 11/07 LA BONNE TABLE 110619408122674IOPD;-25.6;EUR;
13/07/2026;CARTE X2162 10/07 ;CARTE X2162 10/07 LA BONNE TABLE 110619401935213IOPD;-25.6;EUR;
13/07/2026;CARTE X2162 10/07 ;CARTE X2162 10/07 GIFI 110619401894305IOPD;-15.43;EUR;
10/07/2026;PRELEVEMENT EUROPE;PRELEVEMENT EUROPEEN 0910219788 DE: ADLPARTNER-ADL PARTNER ID: FR46ZZZ412693 MOTIF: SERVICE MAGAZINES;-10.49;EUR;
10/07/2026;CARTE X2162 09/07 ;CARTE X2162 09/07 SOCAPDIS LECLERC 110619101613056IOPD;-728.9;EUR;
10/07/2026;CARTE X2162 09/07 ;CARTE X2162 09/07 SOCAPDIS LECLERC 110619101613073IOPD;-31.44;EUR;
09/07/2026;CARTE X2162 08/07 ;CARTE X2162 08/07 POINT P 3325 110619003276824IOPD;-33.54;EUR;
09/07/2026;CARTE X2162 08/07 ;CARTE X2162 08/07 LA BONNE TABLE 110619003176114IOPD;-27.1;EUR;
08/07/2026;CARTE X2162 07/07 ;CARTE X2162 07/07 ASF LABASTIDE MURAT 110618903854961IOPD;-5.8;EUR;
08/07/2026;CARTE X2162 07/07 ;CARTE X2162 07/07 SOCAPDIS 110618901763893IOPD;-37.39;EUR;
07/07/2026;PRLV EUROP PONCTUE;PRLV EUROP PONCTUEL  0313055716 POUR CPTE DE:CA BOURGES ID: FR03ZZZ475838 MOTIF: TIPSEPA PRODUITS LOCAUX 382:CA BOUR;-102.91;EUR;
07/07/2026;CARTE X2162 06/07 ;CARTE X2162 06/07 AUCHAN BOURGES 110618803208988IOPD;-51.68;EUR;
07/07/2026;CARTE X2162 06/07 ;CARTE X2162 06/07 VAL PRESSE 110618802409245IOPD;-19.3;EUR;
07/07/2026;CARTE X2162 06/07 ;CARTE X2162 06/07 AUCHAN SUPERMARC 101618736363780IOPD;-15.58;EUR;
06/07/2026;PRELEVEMENT EUROPE;PRELEVEMENT EUROPEEN 0315711876 DE: ORPI-NEVERS-SARL IMMOBILIER DU REMP ART ID: FR20ZZZ604057;-406.66;EUR;
06/07/2026;PRELEVEMENT EUROPE;PRELEVEMENT EUROPEEN 0315711858 DE: MACIF Centre Production-MACIF ID: FR66ZZZ110663 MOTIF: -PRELEV 1206072026  01184763302;-77.8;EUR;
06/07/2026;PRELEVEMENT EUROPE;PRELEVEMENT EUROPEEN 0315711867 DE: HARMONIE MUTUELLE ID: FR50ZZZ609143 MOTIF: 20260705HARMONIE MUTUE296582916;-47.94;EUR;
06/07/2026;PRELEVEMENT EUROPE;PRELEVEMENT EUROPEEN 0315711849 DE: BOUYGUES TELECOM ID: FR35ZZZ418323 MOTIF: 07xxxxx197;-24.99;EUR;
06/07/2026;CARTE X2162 05/07 ;CARTE X2162 05/07 CARREFOUR MARKET 110618704780739IOPD;-22.13;EUR;
06/07/2026;CARTE X2162 04/07 ;CARTE X2162 04/07 AUCHAN SUPERMARC 101618550604500IOPD;-46.06;EUR;
06/07/2026;CARTE X2162 03/07 ;CARTE X2162 03/07 L'ETOILE DE TURLY 110618500375010IOPD;-27.1;EUR;
06/07/2026;VIR RECU    038810;VIR RECU    0388103503S DE: CAF DU CHER MOTIF: 1160346RBOU         062026ME REF: 10730525V16;57.15;EUR;
04/07/2026;PRELEVEMENT EUROPE;PRELEVEMENT EUROPEEN 6507805464 DE: Agence FNAIM ID: FR35ZZZ418323 MOTIF: LOYER 0;-1024.99;EUR;LOYER
04/07/2026;PRELEVEMENT EUROPE;PRELEVEMENT EUROPEEN 6507805464 DE: CETELEM ID: FR35ZZZ418323 MOTIF: ;-100;EUR;CREDIT CONSO
07/07/2026;PRELEVEMENT EUROPE;PRELEVEMENT EUROPEEN 6507805464 DE: SOFINCO ID: FR35ZZZ418323 MOTIF: ;-200;EUR;CREDIT CONSO
02/07/2026;CARTE X2162 01/07 ;CARTE X2162 01/07 AUCHAN SUPERMARC 101618246008080IOPD;-29.11;EUR;
01/07/2026;CARTE X2162 30/06 ;CARTE X2162 30/06 VAL PRESSE 110618201807181IOPD;-17.7;EUR;
01/07/2026;CARTE X2162 30/06 ;CARTE X2162 30/06 AUCHAN SUPERMARC 101618142744510IOPD;-10.79;EUR;
30/06/2026;CARTE X2162 29/06 ;CARTE X2162 29/06 VAL PRESSE 110618102747590IOPD;-19.3;EUR;
30/06/2026;CARTE X2162 29/06 ;CARTE X2162 29/06 AUCHAN SUPERMARC 101618033836520IOPD;-19.74;EUR;
29/06/2026;CARTE X2162 RETRAI;CARTE X2162 RETRAIT DAB 26/06 14H02 RETRAIT DAB 26-06-14505-0007704000 510618002048760IOPD;-100;EUR;
29/06/2026;CARTE X2162 28/06 ;CARTE X2162 28/06 VAL PRESSE 110618004076188IOPD;-19.3;EUR;
29/06/2026;CARTE X2162 27/06 ;CARTE X2162 27/06 CARREFOUR MARKET 110618001627737IOPD;-17.77;EUR;
29/06/2026;CARTE X2162 28/06 ;CARTE X2162 28/06 AUCHAN SUPERMARC 101617943731490IOPD;-37.92;EUR;
26/06/2026;VIR RECU    869146;VIR RECU    8691465630S DE: SGC BOURGES DE: BOURGES - BP MOTIF: PAYE DU MOIS 06/26 BOURGES - BPHEL0;1840.78;EUR;
25/06/2026;PRELEVEMENT EUROPE;PRELEVEMENT EUROPEEN 8500508588 DE: ENGIE ID: FR03SYM002381 MOTIF: Mandat ++S007147042;-156.31;EUR;
25/06/2026;CARTE X2162 24/06 ;CARTE X2162 24/06 LE TRICARNOT 110617600224816IOPD;-23.6;EUR;
24/06/2026;CARTE X2162 20/06 ;CARTE X2162 20/06 WESTERN GUNS COMMERCE ELECTRONIQUE 101617517648230IOPD;-476.1;EUR;
24/06/2026;CARTE X2162 23/06 ;CARTE X2162 23/06 AUCHAN SUPERMARC 101617440226700IOPD;-27.34;EUR;
23/06/2026;CARTE X2162 22/06 ;CARTE X2162 22/06 VAL PRESSE 110617401747724IOPD;-17.7;EUR;
23/06/2026;CARTE X2162 22/06 ;CARTE X2162 22/06 AUCHAN SUPERMARC 101617338164390IOPD;-10.79;EUR;
22/06/2026;CARTE X2162 21/06 ;CARTE X2162 21/06 AUCHAN SUPERMARC 101617317432120IOPD;-34.51;EUR;
22/06/2026;CARTE X2162 19/06 ;CARTE X2162 19/06 MAG PRESSE 110617301313810IOPD;-21.2;EUR;
22/06/2026;CARTE X2162 21/06 ;CARTE X2162 21/06 VAL PRESSE 110617305267355IOPD;-19.3;EUR;
22/06/2026;CARTE X2162 19/06 ;CARTE X2162 19/06 AUCHAN SUPERMARC 101617138532190IOPD;-10.79;EUR;
18/06/2026;CARTE X2162 17/06 ;CARTE X2162 17/06 VAL PRESSE 110616901719483IOPD;-19.3;EUR;
18/06/2026;CARTE X2162 17/06 ;CARTE X2162 17/06 AUCHAN SUPERMARC 101616843294530IOPD;-10.79;EUR;
17/06/2026;CARTE X2162 16/06 ;CARTE X2162 16/06 AUCHAN BOURGES 110616802497219IOPD;-101.4;EUR;
17/06/2026;CARTE X2162 16/06 ;CARTE X2162 16/06 MAG PRESSE 110616801612642IOPD;-19.2;EUR;
17/06/2026;CARTE X2162 16/06 ;CARTE X2162 16/06 PATISSERIEBEKKOUCHE 110616800735906IOPD;-1.25;EUR;
17/06/2026;COTISATION JAZZ;COTISATION JAZZ;-8.55;EUR;
17/06/2026;CARTE X2162 16/06 ;CARTE X2162 16/06 AUCHAN SUPERMARC 101616741064150IOPD;-29.77;EUR;
15/06/2026;CARTE X2162 14/06 ;CARTE X2162 14/06 KATO GROUP B.V. 233,03 EUR PAYS-BAS COMMERCE ELECTRONIQUE 230616600177311IOPD;-233.03;EUR;
15/06/2026;CARTE X2162 14/06 ;CARTE X2162 14/06 VAL PRESSE 110616604328127IOPD;-19.3;EUR;
15/06/2026;CARTE X2162 14/06 ;CARTE X2162 14/06 AUCHAN SUPERMARC 101616548879230IOPD;-37.76;EUR;
15/06/2026;CARTE X2162 12/06 ;CARTE X2162 12/06 VAL PRESSE 110616401774295IOPD;-19.7;EUR;
15/06/2026;CARTE X2162 12/06 ;CARTE X2162 12/06 AUCHAN SUPERMARC 101616345100720IOPD;-12.88;EUR;
15/06/2026;CARTE X2162 11/06 ;CARTE X2162 11/06 CARREFOUR MARKET 110616400030605IOPD;-10.75;EUR;
12/06/2026;CARTE X2162 RETRAI;CARTE X2162 RETRAIT DAB 11/06 08H50 RETRAIT DAB 11-06-14505-0007704000 510616303120170IOPD;-250;EUR;
12/06/2026;CARTE X2162 11/06 ;CARTE X2162 11/06 VAL PRESSE 110616301450530IOPD;-17.7;EUR;
11/06/2026;RESILIATION PEL 00;RESILIATION PEL 00400T1655200046 CAPITAL :  13 700,00 + INTERETS BRUTS :     927,57 - PRELEVEMENTS SOCIAUX :      16,35;14611.22;EUR;
11/06/2026;CARTE X2162 10/06 ;CARTE X2162 10/06 CARREFOUR MARKET 110616203633388IOPD;-11.34;EUR;
11/06/2026;CARTE X2162 10/06 ;CARTE X2162 10/06 VAL PRESSE 110616202619161IOPD;-17.3;EUR;
10/06/2026;CARTE X2162 09/06 ;CARTE X2162 09/06 CARREFOUR MARKET 110616103718516IOPD;-7.12;EUR;
09/06/2026;CARTE X2162 08/06 ;CARTE X2162 08/06 CARREFOUR MARKET 110616003726759IOPD;-9.62;EUR;
09/06/2026;CARTE X2162 08/06 ;CARTE X2162 08/06 VAL PRESSE 110616002194260IOPD;-17.7;EUR;
08/06/2026;CARTE X2162 07/06 ;CARTE X2162 07/06 VAL PRESSE 110615903307134IOPD;-19.7;EUR;
08/06/2026;CARTE X2162 07/06 ;CARTE X2162 07/06 AUCHAN SUPERMARC 101615845217190IOPD;-24.58;EUR;
08/06/2026;CARTE X2162 05/06 ;CARTE X2162 05/06 VAL PRESSE 110615700555420IOPD;-21.3;EUR;
08/06/2026;CARTE X2162 05/06 ;CARTE X2162 05/06 AUCHAN SUPERMARC 101615644116680IOPD;-6.38;EUR;
05/06/2026;PRELEVEMENT EUROPE;PRELEVEMENT EUROPEEN 6510368979 DE: ORPI-NEVERS-SARL IMMOBILIER DU REMP ART ID: FR20ZZZ604057;-401.04;EUR;
05/06/2026;PRELEVEMENT EUROPE;PRELEVEMENT EUROPEEN 6510368942 DE: IZI CONFORT ID: FR36222476020 REF: RG-9793933:540CL-03322672;-195.13;EUR;
05/06/2026;PRELEVEMENT EUROPE;PRELEVEMENT EUROPEEN 6510368951 DE: MACIF Centre Production-MACIF ID: FR66ZZZ110663 MOTIF: -PRELEV 1205062026  01184763302;-77.8;EUR;
05/06/2026;PRELEVEMENT EUROPE;PRELEVEMENT EUROPEEN 6528876538 DE: HARMONIE MUTUELLE ID: FR50ZZZ609143 MOTIF: 20260605HARMONIE MUTUE294713271;-47.94;EUR;
05/06/2026;PRELEVEMENT EUROPE;PRELEVEMENT EUROPEEN 6510368960 DE: BOUYGUES TELECOM ID: FR35ZZZ418323 MOTIF: 07xxxxx197;-24.99;EUR;
05/06/2026;PRELEVEMENT EUROPE;PRELEVEMENT EUROPEEN 6510368933 DE:  ADLPARTNER-ADL PARTNER ID: FR46ZZZ412693 MOTIF: SERVICE MAGAZINES;-4.5;EUR;
05/06/2026;CARTE X2162 04/06 ;CARTE X2162 04/06 CARREFOUR MARKET 110615603212470IOPD;-12.74;EUR;
05/06/2026;CARTE X2162 04/06 ;CARTE X2162 04/06 VAL PRESSE 110615601538131IOPD;-19.7;EUR;
05/06/2026;VIR RECU    659492;VIR RECU    6594929664S DE: CAF DU CHER MOTIF: 1160346RBOU         052026ME REF: 10650263V16;57.15;EUR;
05/06/2026;CARTE X2162 04/06 ;CARTE X2162 04/06 AUCHAN SUPERMARC 101615542384430IOPD;-7.46;EUR;
04/06/2026;PRELEVEMENT EUROPE;PRELEVEMENT EUROPEEN 6507805464 DE: Agence FNAIM ID: FR35ZZZ418323 MOTIF: LOYER 0;-1024.99;EUR;LOYER
04/06/2026;PRELEVEMENT EUROPE;PRELEVEMENT EUROPEEN 6507805464 DE: CETELEM ID: FR35ZZZ418323 MOTIF: ;-100;EUR;CREDIT CONSO
07/06/2026;PRELEVEMENT EUROPE;PRELEVEMENT EUROPEEN 6507805464 DE: SOFINCO ID: FR35ZZZ418323 MOTIF: ;-200;EUR;CREDIT CONSO
04/06/2026;CARTE X2162 31/05 ;CARTE X2162 31/05 WESTERN GUNS COMMERCE ELECTRONIQUE 101615517907360IOPD;-648.04;EUR;
03/06/2026;CARTE X2162 02/06 ;CARTE X2162 02/06 CARREFOUR MARKET 110615403365536IOPD;-25.75;EUR;
03/06/2026;CARTE X2162 02/06 ;CARTE X2162 02/06 VAL PRESSE 110615401548378IOPD;-21.3;EUR;
02/06/2026;CARTE X2162 01/06 ;CARTE X2162 01/06 CARREFOUR MARKET 110615303400966IOPD;-21.78;EUR;
02/06/2026;CARTE X2162 01/06 ;CARTE X2162 01/06 VAL PRESSE 110615302077008IOPD;-21.3;EUR;
01/06/2026;CARTE X2162 29/05 ;CARTE X2162 29/05 LIDL 3114 101615033025390IOPD;-36.38;EUR;
01/06/2026;CARTE X2162 29/05 ;CARTE X2162 29/05 VAL PRESSE 110615001309724IOPD;-17.7;EUR;
01/06/2026;CARTE X2162 29/05 ;CARTE X2162 29/05 PATISSERIEBEKKOUCHE 110615000550283IOPD;-16.5;EUR;
30/05/2026;PRELEVEMENT PEL 00;PRELEVEMENT PEL 00400T1655200046 VERSEMENT PROGRAMME :     100,00 DU 31/05/2026;-100;EUR;
29/05/2026;CARTE X2162 28/05 ;CARTE X2162 28/05 CARREFOUR MARKET 110614903264998IOPD;-11.8;EUR;
29/05/2026;CARTE X2162 28/05 ;CARTE X2162 28/05 METRO 110614901830438IOPD;-170.15;EUR;
29/05/2026;CARTE X2162 28/05 ;CARTE X2162 28/05 VAL PRESSE 110614901437969IOPD;-21.3;EUR;
29/05/2026;CARTE X2162 28/05 ;CARTE X2162 28/05 PATISSERIEBEKKOUCHE 110614900661212IOPD;-4.65;EUR;
28/05/2026;CARTE X2162 25/05 ;CARTE X2162 25/05 PETROLEC SUD 230614702943623IOPD;-87.37;EUR;
28/05/2026;CARTE X2162 27/05 ;CARTE X2162 27/05 CARREFOUR MARKET 110614803132892IOPD;-14.95;EUR;
28/05/2026;CARTE X2162 27/05 ;CARTE X2162 27/05 VAL PRESSE 110614801955947IOPD;-19.7;EUR;
28/05/2026;CARTE X2162 27/05 ;CARTE X2162 27/05 PATISSERIEBEKKOUCHE 110614800548485IOPD;-3.4;EUR;
27/05/2026;CARTE X2162 26/05 ;CARTE X2162 26/05 CARREFOUR MARKET 110614703291656IOPD;-15.98;EUR;
27/05/2026;CARTE X2162 26/05 ;CARTE X2162 26/05 SAS PAVE 110614700668343IOPD;-5.4;EUR;
27/05/2026;VIR RECU    569120;VIR RECU    5691202784S DE: SGC BOURGES DE: BOURGES - BP MOTIF: PAYE DU MOIS 05/26 BOURGES - BPHEL0;2606.59;EUR;
27/05/2026;CARTE X2162 26/05 ;CARTE X2162 26/05 AUCHAN SUPERMARC 101614636515850IOPD;-7.07;EUR;
26/05/2026;CARTE X2162 25/05 ;CARTE X2162 25/05 COCCIMARKET 110614603006096IOPD;-12;EUR;
26/05/2026;CARTE X2162 25/05 ;CARTE X2162 25/05 ASF GIGNAC 110614603314821IOPD;-5.8;EUR;
26/05/2026;CARTE X2162 25/05 ;CARTE X2162 25/05 LA BONNE TABLE 110614602232281IOPD;-27.1;EUR;
26/05/2026;CARTE X2162 22/05 ;CARTE X2162 22/05 CASSIDRISS 110614301633409IOPD;-117.4;EUR;
26/05/2026;CARTE X2162 22/05 ;CARTE X2162 22/05 VAMIEUX 110614303034317IOPD;-108.29;EUR;
25/05/2026;VIR INST RE 664597;VIR INST RE 664597991550 DE: MME CABANES MARIE-FRANCE DATE: 25/05/2026 10:10 MOTIF: Partie canap. + travaux;100;EUR;
22/05/2026;CARTE X2162 21/05 ;CARTE X2162 21/05 LA BONNE TABLE 110614202513744IOPD;-25.6;EUR;
22/05/2026;CARTE X2162 21/05 ;CARTE X2162 21/05 BRICORAMA 110614202035772IOPD;-3.7;EUR;
20/05/2026;CARTE X2162 19/05 ;CARTE X2162 19/05 INTERSPORT 110614003444017IOPD;-5.96;EUR;
20/05/2026;CARTE X2162 19/05 ;CARTE X2162 19/05 Action 4691 110614002121431IOPD;-104.88;EUR;
20/05/2026;CARTE X2162 19/05 ;CARTE X2162 19/05 LA BONNE TABLE 110614003000620IOPD;-23.1;EUR;
20/05/2026;CARTE X2162 19/05 ;CARTE X2162 19/05 SOCAPDIS LECLERC 110614001725870IOPD;-14.36;EUR;
19/05/2026;COTISATION JAZZ;COTISATION JAZZ;-8.55;EUR;
18/05/2026;CARTE X2162 17/05 ;CARTE X2162 17/05 ASF MARTEL 110613806582804IOPD;-0.8;EUR;
18/05/2026;CARTE X2162 16/05 ;CARTE X2162 16/05 TABAC AEROPORT 110613806287736IOPD;-36.6;EUR;
18/05/2026;CARTE X2162 16/05 ;CARTE X2162 16/05 CARREFOUR MARKET 110613800056830IOPD;-27.71;EUR;
18/05/2026;CARTE X2162 17/05 ;CARTE X2162 17/05 CARREFOUR MARKET 110613803887078IOPD;-10.65;EUR;
18/05/2026;CARTE X2162 15/05 ;CARTE X2162 15/05 AUCHAN BOURGES 110613602697668IOPD;-104.09;EUR;
18/05/2026;CARTE X2162 15/05 ;CARTE X2162 15/05 VAL PRESSE 110613600249170IOPD;-19.3;EUR;
18/05/2026;CARTE X2162 15/05 ;CARTE X2162 15/05 AUCHAN SUPERMARC 101613539560640IOPD;-16.01;EUR;
15/05/2026;CARTE X2162 13/05 ;CARTE X2162 13/05 CARREFOUR MARKET 110613403386401IOPD;-19.94;EUR;
13/05/2026;CARTE X2162 12/05 ;CARTE X2162 12/05 VAL PRESSE 110613302139420IOPD;-21.3;EUR;
12/05/2026;CARTE X2162 11/05 ;CARTE X2162 11/05 VAL PRESSE 110613200562608IOPD;-19.7;EUR;
12/05/2026;CARTE X2162 11/05 ;CARTE X2162 11/05 SAS PAVE 110613200562877IOPD;-1.3;EUR;
12/05/2026;CARTE X2162 11/05 ;CARTE X2162 11/05 AUCHAN SUPERMARC 101613131274450IOPD;-13.25;EUR;
11/05/2026;PRELEVEMENT EUROPE;PRELEVEMENT EUROPEEN 4114859906 DE:  ADLPARTNER-ADL PARTNER ID: FR46ZZZ412693 MOTIF: SERVICE MAGAZINES;-4.5;EUR;
11/05/2026;CARTE X2162 10/05 ;CARTE X2162 10/05 TABAC AEROPORT 110613101552646IOPD;-36.55;EUR;
11/05/2026;CARTE X2162 10/05 ;CARTE X2162 10/05 CARREFOUR MARKET 110613104047920IOPD;-27.44;EUR;
11/05/2026;CARTE X2162 07/05 ;CARTE X2162 07/05 AUCHAN SUPERMARC 101612744695920IOPD;-28.28;EUR;
11/05/2026;CARTE X2162 08/05 ;CARTE X2162 08/05 VAL PRESSE 110612900669372IOPD;-19.3;EUR;
07/05/2026;CARTE X2162 06/05 ;CARTE X2162 06/05 CARREFOUR MARKET 110612701237058IOPD;-24.75;EUR;
07/05/2026;CARTE X2162 06/05 ;CARTE X2162 06/05 TABAC AEROPORT 110612700611421IOPD;-17.7;EUR;
06/05/2026;CARTE X2162 05/05 ;CARTE X2162 05/05 AUCHAN SUPERMARC 101612539431150IOPD;-25.08;EUR;
05/05/2026;PRELEVEMENT EUROPE;PRELEVEMENT EUROPEEN 3406745147 DE: ORPI-NEVERS-SARL IMMOBILIER DU REMP ART ID: FR20ZZZ604057;-401.04;EUR;
05/05/2026;PRELEVEMENT EUROPE;PRELEVEMENT EUROPEEN 3404031433 DE: MACIF Centre Production-MACIF ID: FR66ZZZ110663 MOTIF: -PRELEV 1205052026  01184763302;-77.8;EUR;
05/05/2026;PRELEVEMENT EUROPE;PRELEVEMENT EUROPEEN 3423439692 DE: HARMONIE MUTUELLE ID: FR50ZZZ609143 MOTIF: 20260505HARMONIE MUTUE292863710;-47.94;EUR;
05/05/2026;PRELEVEMENT EUROPE;PRELEVEMENT EUROPEEN 3406745138 DE: BOUYGUES TELECOM ID: FR35ZZZ418323 MOTIF: 07xxxxx197;-21.99;EUR;
05/05/2026;VIR RECU    358686;VIR RECU    3586862725S DE: HARMONIE MUTUELLE MOTIF: TP-20260505-HARMONIE MUTUELLE   - -0000609143-1448-22032715;11.57;EUR;
05/05/2026;VIR RECU    358140;VIR RECU    3581400208S DE: C.P.A.M. BOURGES MOTIF: 261240000857 REF: 261240000857;17.35;EUR;
05/05/2026;VIR RECU    348588;VIR RECU    3485887179S DE: CAF DU CHER MOTIF: 1160346RBOU         042026ME REF: 10578204V16;57.15;EUR;
04/05/2026;CARTE X2162 30/04 ;CARTE X2162 30/04 CARREFOUR MARKET 110612410646557IOPD;-24.83;EUR;
04/05/2026;CARTE X2162 01/05 ;CARTE X2162 01/05 LE MALUS 110612409646487IOPD;-12;EUR;
04/05/2026;PRELEVEMENT EUROPE;PRELEVEMENT EUROPEEN 6507805464 DE: Agence FNAIM ID: FR35ZZZ418323 MOTIF: LOYER 0;-1024.99;EUR;LOYER
04/05/2026;PRELEVEMENT EUROPE;PRELEVEMENT EUROPEEN 6507805464 DE: CETELEM ID: FR35ZZZ418323 MOTIF: ;-100;EUR;CREDIT CONSO
07/05/2026;PRELEVEMENT EUROPE;PRELEVEMENT EUROPEEN 6507805464 DE: SOFINCO ID: FR35ZZZ418323 MOTIF: ;-200;EUR;CREDIT CONSO
04/05/2026;CARTE X2162 01/05 ;CARTE X2162 01/05 LE MALUS 110612409646485IOPD;-12;EUR;
04/05/2026;CARTE X2162 01/05 ;CARTE X2162 01/05 LE MALUS 110612408223388IOPD;-25.3;EUR;
04/05/2026;CARTE X2162 03/05 ;CARTE X2162 03/05 VAL PRESSE 110612407690890IOPD;-19.3;EUR;
04/05/2026;CARTE X2162 03/05 ;CARTE X2162 03/05 AUCHAN SUPERMARC 101612344942820IOPD;-26.17;EUR;
04/05/2026;CARTE X2162 30/04 ;CARTE X2162 30/04 AUCHAN SUPERMARC 101612043854730IOPD;-19.23;EUR;
30/04/2026;PRELEVEMENT PEL 00;PRELEVEMENT PEL 00400T1655200046 VERSEMENT PROGRAMME :     100,00 DU 30/04/2026;-100;EUR;
30/04/2026;CARTE X2162 29/04 ;CARTE X2162 29/04 BONNIN GILLES 110612004019644IOPD;-28.92;EUR;
30/04/2026;CARTE X2162 29/04 ;CARTE X2162 29/04 VAL PRESSE 110612001491274IOPD;-17.7;EUR;
30/04/2026;CARTE X2162 29/04 ;CARTE X2162 29/04 PATISSERIEBEKKOUCHE 110612000729073IOPD;-6.25;EUR;
30/04/2026;CARTE X2162 29/04 ;CARTE X2162 29/04 AUCHAN SUPERMARC 101611942207320IOPD;-10.79;EUR;
29/04/2026;CARTE X2162 RETRAI;CARTE X2162 RETRAIT DAB 29/04 06H26 BOURGES VAL D AURON EXT1 07493412 510611903931224IOPD;-100;EUR;
29/04/2026;CARTE X2162 28/04 ;CARTE X2162 28/04 CARREFOUR MARKET 110611903557757IOPD;-8.73;EUR;
29/04/2026;CARTE X2162 28/04 ;CARTE X2162 28/04 VAL PRESSE 110611901952986IOPD;-21.3;EUR;
29/04/2026;CARTE X2162 28/04 ;CARTE X2162 28/04 AUCHAN SUPERMARC 101611839316660IOPD;-8.44;EUR;
28/04/2026;VERST ESP 23/04/26;VERST ESP 23/04/26 NUM 6312738130;54.53;EUR;
28/04/2026;VERST ESP 23/04/26;VERST ESP 23/04/26 NUM 6312738127;30;EUR;
28/04/2026;VERST ESP 23/04/26;VERST ESP 23/04/26 NUM 6312738129;5;EUR;
28/04/2026;CARTE X2162 27/04 ;CARTE X2162 27/04 CARREFOUR MARKET 110611803281861IOPD;-12.34;EUR;
28/04/2026;VIR RECU    279240;VIR RECU    2792407937S DE: SGC BOURGES DE: BOURGES - BP MOTIF: PAYE DU MOIS 04/26 BOURGES - BPHEL0;1840.78;EUR;
27/04/2026;PRELEVEMENT EUROPE;PRELEVEMENT EUROPEEN 2400546434 DE: ENGIE ID: FR03SYM002381 MOTIF: Mandat ++S007147042;-190.78;EUR;
27/04/2026;CARTE X2162 26/04 ;CARTE X2162 26/04 TABAC AEROPORT 110611701559925IOPD;-17.7;EUR;
24/04/2026;CARTE X2162 23/04 ;CARTE X2162 23/04 TABAC AEROPORT 110611400565331IOPD;-17.7;EUR;
23/04/2026;VERST ESP GAB 23/0;VERST ESP GAB 23/04/26 15H10 545504 BOURGES 124 AV MARCEL HAEGE G23562A00 CARTE 497355XXXXXX2162;70;EUR;
22/04/2026;CARTE X2162 21/04 ;CARTE X2162 21/04 VAL PRESSE 110611201687585IOPD;-17.7;EUR;
22/04/2026;CARTE X2162 21/04 ;CARTE X2162 21/04 AUCHAN SUPERMARC 101611137916270IOPD;-5.34;EUR;
21/04/2026;CARTE X2162 20/04 ;CARTE X2162 20/04 CARREFOUR MARKET 110611103206284IOPD;-15.84;EUR;
21/04/2026;CARTE X2162 20/04 ;CARTE X2162 20/04 VAL PRESSE 110611101474648IOPD;-9.7;EUR;
20/04/2026;CARTE X2162 19/04 ;CARTE X2162 19/04 CARREFOUR MARKET 110611003244365IOPD;-55.88;EUR;
20/04/2026;CARTE X2162 18/04 ;CARTE X2162 18/04 LE MALUS 110611001802123IOPD;-23.6;EUR;
20/04/2026;CARTE X2162 17/04 ;CARTE X2162 17/04 VAL PRESSE 110610801056519IOPD;-19.3;EUR;
20/04/2026;CARTE X2162 17/04 ;CARTE X2162 17/04 AUCHAN SUPERMARC 101610742364190IOPD;-11.93;EUR;
20/04/2026;CARTE X2162 17/04 ;CARTE X2162 17/04 SAS PAVE 110610800469422IOPD;-4.9;EUR;
20/04/2026;CARTE X2162 17/04 ;CARTE X2162 17/04 PATISSERIEBEKKOUCHE 110610800151992IOPD;-1;EUR;
17/04/2026;CARTE X2162 16/04 ;CARTE X2162 16/04 CARREFOUR MARKET 110610701772159IOPD;-10.75;EUR;
17/04/2026;CARTE X2162 16/04 ;CARTE X2162 16/04 SAS PAVE 110610700213814IOPD;-4.1;EUR;
17/04/2026;COTISATION JAZZ;COTISATION JAZZ;-8.55;EUR;
16/04/2026;CARTE X2162 15/04 ;CARTE X2162 15/04 VAL PRESSE 110610601593382IOPD;-19.7;EUR;
16/04/2026;CARTE X2162 15/04 ;CARTE X2162 15/04 CARREFOUR MARKET 110610602061732IOPD;-10.74;EUR;
16/04/2026;CARTE X2162 15/04 ;CARTE X2162 15/04 PATISSERIEBEKKOUCHE 110610600541242IOPD;-3.4;EUR;
15/04/2026;CARTE X2162 14/04 ;CARTE X2162 14/04 VAL PRESSE 110610501580953IOPD;-17.3;EUR;
15/04/2026;CARTE X2162 14/04 ;CARTE X2162 14/04 CARREFOUR MARKET 110610501821815IOPD;-14.63;EUR;
15/04/2026;CARTE X2162 14/04 ;CARTE X2162 14/04 AUCHAN SUPERMARC 101610438261800IOPD;-11.69;EUR;
14/04/2026;CARTE X2162 13/04 ;CARTE X2162 13/04 COCCIMARKET 110610403165558IOPD;-7.95;EUR;
14/04/2026;CARTE X2162 13/04 ;CARTE X2162 13/04 AUCHAN SUPERMARC 101610332709390IOPD;-9.76;EUR;
13/04/2026;PRELEVEMENT EUROPE;PRELEVEMENT EUROPEEN 1001092426 DE:  ADLPARTNER-ADL PARTNER ID: FR46ZZZ412693 MOTIF: SERVICE MAGAZINES;-10.49;EUR;
13/04/2026;CARTE X2162 12/04 ;CARTE X2162 12/04 PPG*ARMURERIELOISIR COMMERCE ELECTRONIQUE 110610305470493IOPD;-134.49;EUR;
13/04/2026;CARTE X2162 11/04 ;CARTE X2162 11/04 CARREFOUR MARKET 110610300151757IOPD;-20.74;EUR;
13/04/2026;CARTE X2162 12/04 ;CARTE X2162 12/04 VAL PRESSE 110610304334129IOPD;-17.7;EUR;
13/04/2026;CARTE X2162 12/04 ;CARTE X2162 12/04 AUCHAN SUPERMARC 101610242103800IOPD;-32.36;EUR;
13/04/2026;CARTE X2162 10/04 ;CARTE X2162 10/04 VAL PRESSE 110610101481638IOPD;-19.3;EUR;
13/04/2026;CARTE X2162 10/04 ;CARTE X2162 10/04 CARREFOUR MARKET 110610102991877IOPD;-11.99;EUR;
13/04/2026;CARTE X2162 10/04 ;CARTE X2162 10/04 AUCHAN SUPERMARC 101610044265230IOPD;-4.76;EUR;
13/04/2026;CARTE X2162 10/04 ;CARTE X2162 10/04 PATISSERIEBEKKOUCHE 110610100123940IOPD;-2.3;EUR;
10/04/2026;CARTE X2162 09/04 ;CARTE X2162 09/04 CARREFOUR MARKET 110610003264692IOPD;-13.15;EUR;
10/04/2026;CARTE X2162 09/04 ;CARTE X2162 09/04 PATISSERIEBEKKOUCHE 110610000924175IOPD;-4.55;EUR;
09/04/2026;CARTE X2162 08/04 ;CARTE X2162 08/04 VAL PRESSE 110609902134894IOPD;-19.7;EUR;
09/04/2026;CARTE X2162 08/04 ;CARTE X2162 08/04 CARREFOUR MARKET 110609902249230IOPD;-12.24;EUR;
09/04/2026;CARTE X2162 08/04 ;CARTE X2162 08/04 SAS PAVE 110609901614668IOPD;-4.1;EUR;
08/04/2026;CARTE X2162 07/04 ;CARTE X2162 07/04 VAL PRESSE 110609803598089IOPD;-17.7;EUR;
08/04/2026;CARTE X2162 07/04 ;CARTE X2162 07/04 CARREFOURMARKET 110609803218900IOPD;-15.19;EUR;
07/04/2026;CARTE X2162 05/04 ;CARTE X2162 05/04 AUCHAN SUPERMARC 101609544700980IOPD;-38.51;EUR;
07/04/2026;CARTE X2162 03/04 ;CARTE X2162 03/04 VAL PRESSE 110609401073414IOPD;-17.7;EUR;
07/04/2026;CARTE X2162 06/04 ;CARTE X2162 06/04 AUCHAN SUPERMARC 101609631881370IOPD;-9.83;EUR;
07/04/2026;PRELEVEMENT EUROPE;PRELEVEMENT EUROPEEN 0208891084 DE: ORPI-NEVERS-SARL IMMOBILIER DU REMP ART ID: FR20ZZZ604057;-401.04;EUR;
07/04/2026;PRELEVEMENT EUROPE;PRELEVEMENT EUROPEEN 0218997574 DE: MACIF Centre Production-MACIF ID: FR66ZZZ110663 MOTIF: -PRELEV 1207042026  01184763302;-77.82;EUR;
07/04/2026;PRELEVEMENT EUROPE;PRELEVEMENT EUROPEEN 0230061137 DE: HARMONIE MUTUELLE ID: FR50ZZZ609143 MOTIF: 20260405HARMONIE MUTUE291162864;-47.94;EUR;
07/04/2026;PRELEVEMENT EUROPE;PRELEVEMENT EUROPEEN 0230061146 DE: BOUYGUES TELECOM ID: FR35ZZZ418323 MOTIF: 07xxxxx197;-21.99;EUR;
07/04/2026;CARTE X2162 05/04 ;CARTE X2162 05/04 VAL PRESSE 110609708289009IOPD;-21.3;EUR;
07/04/2026;VIR RECU    029041;VIR RECU    0290411108S DE: CAF DU CHER MOTIF: 1160346RBOU         032026ME REF: 10476903V16;54.76;EUR;
04/04/2026;PRELEVEMENT EUROPE;PRELEVEMENT EUROPEEN 6507805464 DE: Agence FNAIM ID: FR35ZZZ418323 MOTIF: LOYER 0;-1024.99;EUR;LOYER
04/04/2026;PRELEVEMENT EUROPE;PRELEVEMENT EUROPEEN 6507805464 DE: CETELEM ID: FR35ZZZ418323 MOTIF: ;-100;EUR;CREDIT CONSO
07/04/2026;PRELEVEMENT EUROPE;PRELEVEMENT EUROPEEN 6507805464 DE: SOFINCO ID: FR35ZZZ418323 MOTIF: ;-200;EUR;CREDIT CONSO
03/04/2026;CARTE X2162 02/04 ;CARTE X2162 02/04 VAL PRESSE 110609302166735IOPD;-19.3;EUR;
03/04/2026;CARTE X2162 02/04 ;CARTE X2162 02/04 PATISSERIEBEKKOUCHE 110609300492823IOPD;-4.55;EUR;
03/04/2026;CARTE X2162 02/04 ;CARTE X2162 02/04 AUCHAN SUPERMARC 101609241417000IOPD;-14.14;EUR;
02/04/2026;CARTE X2162 01/04 ;CARTE X2162 01/04 CARREFOUR MARKET 110609202158516IOPD;-21.83;EUR;
02/04/2026;CARTE X2162 01/04 ;CARTE X2162 01/04 AUCHAN SUPERMARC 101609139823480IOPD;-26.45;EUR;
01/04/2026;CARTE X2162 31/03 ;CARTE X2162 31/03 RELAIS BOURGES CAMP 110609100503569IOPD;-39.8;EUR;
01/04/2026;CARTE X2162 31/03 ;CARTE X2162 31/03 VAL PRESSE 110609101922529IOPD;-19.7;EUR;
31/03/2026;PRELEVEMENT PEL 00;PRELEVEMENT PEL 00400T1655200046 VERSEMENT PROGRAMME :     100,00 DU 31/03/2026;-100;EUR;
31/03/2026;CARTE X2162 30/03 ;CARTE X2162 30/03 VAL PRESSE 110609001996027IOPD;-21.3;EUR;
31/03/2026;CARTE X2162 30/03 ;CARTE X2162 30/03 AUCHAN SUPERMARC 101608931386950IOPD;-18.06;EUR;
30/03/2026;CARTE X2162 28/03 ;CARTE X2162 28/03 MUNICENTRE COMMERCE ELECTRONIQUE 110608901983171IOPD;-176.45;EUR;
30/03/2026;CARTE X2162 28/03 ;CARTE X2162 28/03 CARREFOUR MARKET 110608900197884IOPD;-29.99;EUR;
30/03/2026;CARTE X2162 27/03 ;CARTE X2162 27/03 VAL PRESSE 110608701183073IOPD;-17.7;EUR;
30/03/2026;CARTE X2162 27/03 ;CARTE X2162 27/03 AUCHAN SUPERMARC 101608641459150IOPD;-15.29;EUR;
27/03/2026;CARTE X2162 26/03 ;CARTE X2162 26/03 VAL PRESSE 110608601738406IOPD;-15.7;EUR;
27/03/2026;CARTE X2162 26/03 ;CARTE X2162 26/03 CARREFOUR MARKET 110608601535573IOPD;-5.85;EUR;
27/03/2026;VIR RECU    859202;VIR RECU    8592026258S DE: SGC BOURGES DE: BOURGES - BP MOTIF: PAYE DU MOIS 03/26 BOURGES - BPHEL0;1840.78;EUR;
27/03/2026;CARTE X2162 26/03 ;CARTE X2162 26/03 AUCHAN SUPERMARC 101608538358590IOPD;-28.57;EUR;
26/03/2026;CARTE X2162 25/03 ;CARTE X2162 25/03 VAL PRESSE 110608501495663IOPD;-21.3;EUR;
26/03/2026;CARTE X2162 25/03 ;CARTE X2162 25/03 CARREFOUR MARKET 110608501767591IOPD;-11.7;EUR;
26/03/2026;CARTE X2162 25/03 ;CARTE X2162 25/03 PATISSERIEBEKKOUCHE 110608500467747IOPD;-4.55;EUR;
